[
    {
      "organizationname": "Nile",
      "employees": [
        { "name": "Alice" },
        { "name": "Bob" },
        { "name": "Charlie" },
        { "name": "David" },
        { "name": "Eva" }
      ]
    },
    {
      "organizationname": "Mysorein",
      "employees": [
        { "name": "Frank" },
        { "name": "Grace" },
        { "name": "Hank" },
        { "name": "Ivy" },
        { "name": "Jack" }
      ]
    },
    {
      "organizationname": "GCC",
      "employees": [
        { "name": "Karen" },
        { "name": "Leo" },
        { "name": "Mona" },
        { "name": "Nate" },
        { "name": "Olivia" }
      ]
    },
    {
      "organizationname": "HSD",
      "employees": [
        { "name": "Paul" },
        { "name": "Queenie" },
        { "name": "Ryan" },
        { "name": "Sara" },
        { "name": "Tom" }
      ]
    },
    {
      "organizationname": "NEM",
      "employees": [
        { "name": "Uma" },
        { "name": "Victor" },
        { "name": "Wendy" },
        { "name": "Xavier" },
        { "name": "Yara" }
      ]
    },
    {
      "organizationname": "Hojo",
      "employees": [
        { "name": "Zack" },
        { "name": "Amy" },
        { "name": "Brian" },
        { "name": "Cathy" },
        { "name": "Dan" }
      ]
    },
    {
      "organizationname": "TMS",
      "employees": [
        { "name": "Ella" },
        { "name": "Fred" },
        { "name": "Gina" },
        { "name": "Harry" },
        { "name": "Isla" }
      ]
    },
    {
      "organizationname": "BRG",
      "employees": [
        { "name": "Jake" },
        { "name": "Kira" },
        { "name": "Liam" },
        { "name": "Mia" },
        { "name": "Noah" }
      ]
    },
    {
      "organizationname": "REI",
      "employees": [
        { "name": "Omar" },
        { "name": "Penny" },
        { "name": "Quinn" },
        { "name": "Rita" },
        { "name": "Sam" }
      ]
    },
    {
      "organizationname": "UPN",
      "employees": [
        { "name": "Tina" },
        { "name": "Umar" },
        { "name": "Vera" },
        { "name": "Will" },
        { "name": "Xena" }
      ]
    },
    {
      "organizationname": "HCD",
      "employees": [
        { "name": "Yusuf" },
        { "name": "Zoe" },
        { "name": "Ava" },
        { "name": "Ben" },
        { "name": "Cara" }
      ]
    },
    {
      "organizationname": "HPH",
      "employees": [
        { "name": "Dylan" },
        { "name": "Emma" },
        { "name": "Finn" },
        { "name": "Gwen" },
        { "name": "Hugo" }
      ]
    },
    {
      "organizationname": "HPV",
      "employees": [
        { "name": "Iris" },
        { "name": "Jay" },
        { "name": "Kane" },
        { "name": "Lara" },
        { "name": "Max" }
      ]
    },
    {
      "organizationname": "CRP",
      "employees": [
        { "name": "Nina" },
        { "name": "Owen" },
        { "name": "Pam" },
        { "name": "Rick" },
        { "name": "Sophie" }
      ]
    },
    {
      "organizationname": "REA",
      "employees": [
        { "name": "Toby" },
        { "name": "Uma" },
        { "name": "Vik" },
        { "name": "Wade" },
        { "name": "Xavi" }
      ]
    },
    {
      "organizationname": "The Jasraj",
      "employees": [
        { "name": "Yani" },
        { "name": "Zed" },
        { "name": "Ali" },
        { "name": "Bella" },
        { "name": "Chris" }
      ]
    },
    {
      "organizationname": "REU",
      "employees": [
        { "name": "Daisy" },
        { "name": "Ethan" },
        { "name": "Faye" },
        { "name": "George" },
        { "name": "Hana" }
      ]
    },
    {
      "organizationname": "TEA",
      "employees": [
        { "name": "Ian" },
        { "name": "Jane" },
        { "name": "Karl" },
        { "name": "Lilly" },
        { "name": "Mason" }
      ]
    },
    {
      "organizationname": "CSPB",
      "employees": [
        { "name": "Nora" },
        { "name": "Oscar" },
        { "name": "Pia" },
        { "name": "Quincy" },
        { "name": "Ralph" }
      ]
    },
    {
      "organizationname": "RDK",
      "employees": [
        { "name": "Sasha" },
        { "name": "Tony" },
        { "name": "Usha" },
        { "name": "Vince" },
        { "name": "Winnie" }
      ]
    },
    {
      "organizationname": "RER",
      "employees": [
        { "name": "Xander" },
        { "name": "Yasmine" },
        { "name": "Zara" },
        { "name": "Aaron" },
        { "name": "Bea" }
      ]
    },
    {
      "organizationname": "HRG",
      "employees": [
        { "name": "Caleb" },
        { "name": "Dina" },
        { "name": "Eli" },
        { "name": "Fiona" },
        { "name": "Gabe" }
      ]
    },
    {
      "organizationname": "TBA",
      "employees": [
        { "name": "Hazel" },
        { "name": "Ian" },
        { "name": "Jill" },
        { "name": "Ken" },
        { "name": "Lana" }
      ]
    }
  ]
  